left_sensor,middle_sensor,right_sensor,left_motor_speed,right_motor_speed,class
47.13186813186813,15.774725274725276,69.64285714285714,89.23076923076923,89.62637362637362,2
53.32954545454545,7.4772727272727275,67.11363636363636,88.875,89.31818181818181,2
52.975,7.5,68.6375,87.4125,87.825,3
57.32954545454545,13.4772727272727275,27.11363636363636,48.875,89.31818181818181,3
